INSERT INTO MEMBER 
	(MEMBER_ID, MEMBER_PW, MEMBER_NAME, MEMBER_BIRTH, MEMBER_GENDER, MEMBER_PHONE, MEMBER_EMAIL, MEMBER_AGREE_STATE, MEMBER_SIGN_UP, MEMBER_PW_MODIFIED, MEMBER_STATE)
    VALUES('ID101', 'PW101', '이름101', '1998-02-21', 'F', '010-0000-0002', 'email101@naver.com', 2, '22/06/02', '22/06/02', 3);
INSERT INTO MEMBER 
	(MEMBER_ID, MEMBER_PW, MEMBER_NAME, MEMBER_BIRTH, MEMBER_GENDER, MEMBER_PHONE, MEMBER_EMAIL, MEMBER_AGREE_STATE, MEMBER_SIGN_UP, MEMBER_PW_MODIFIED, MEMBER_STATE)
    VALUES('ID102', 'PW102', '이름102', '1999-03-22', 'M', '010-0000-0003', 'email102@naver.com', 3, '22/06/03', '22/06/03', 3);


INSERT INTO MEMBER_LOG 
	(MEMBER_NO, MEMBER_LOG_SIGN_IN) 
    values (1, 20220603);
INSERT INTO MEMBER_LOG
	(MEMBER_NO, MEMBER_LOG_SIGN_IN)
	VALUES(2, 20220603);
INSERT INTO MEMBER_LOG
	(MEMBER_NO, MEMBER_LOG_SIGN_IN)
	VALUES(1, 20220603);
INSERT INTO MEMBER_LOG 
	(MEMBER_NO, MEMBER_LOG_SIGN_IN)
    VALUES(2, 20220604);


INSERT INTO TICKET
	(TICKET_SUBJECT, TICKET_COUNT, TICKET_PERIOD, TICKET_PRICE)
    VALUES('SWIM', 8, 30, '80,000');
INSERT INTO TICKET 
	(TICKET_SUBJECT, TICKET_COUNT, TICKET_PERIOD, TICKET_PRICE)
    VALUES('SWIM', 16, 30, '160,000');
INSERT INTO TICKET 
	(TICKET_SUBJECT, TICKET_COUNT, TICKET_PERIOD, TICKET_PRICE)
	VALUES('SWIM', 24, 90, '216,000');
INSERT INTO TICKET 
	(TICKET_SUBJECT, TICKET_COUNT, TICKET_PERIOD, TICKET_PRICE)
	VALUES('SWIM', 32, 90, '288,000');
INSERT INTO TICKET 
	(TICKET_SUBJECT, TICKET_COUNT, TICKET_PERIOD, TICKET_PRICE)
	VALUES('SWIM', 40, 180, '320,000');
INSERT INTO TICKET 
	(TICKET_SUBJECT, TICKET_COUNT, TICKET_PERIOD, TICKET_PRICE)
	VALUES('SWIM', 48, 180, '384,000');
INSERT INTO TICKET 
	(TICKET_SUBJECT, TICKET_COUNT, TICKET_PERIOD, TICKET_PRICE)
	VALUES('DANCE', 8, 30, '80,000');
INSERT INTO TICKET 
	(TICKET_SUBJECT, TICKET_COUNT, TICKET_PERIOD, TICKET_PRICE)
	VALUES('DANCE', 16, 30, '160,000');
INSERT INTO TICKET 
	(TICKET_SUBJECT, TICKET_COUNT, TICKET_PERIOD, TICKET_PRICE)
	VALUES('DANCE', 24, 90, '216,000');
INSERT INTO TICKET 
	(TICKET_SUBJECT, TICKET_COUNT, TICKET_PERIOD, TICKET_PRICE)
	VALUES('DANCE', 32, 90, '288,000');
INSERT INTO TICKET 
	(TICKET_SUBJECT, TICKET_COUNT, TICKET_PERIOD, TICKET_PRICE)
	VALUES('DANCE', 40, 180, '320,000');
INSERT INTO TICKET 
	(TICKET_SUBJECT, TICKET_COUNT, TICKET_PERIOD, TICKET_PRICE)
	VALUES('DANCE', 48, 180, '384,000');
INSERT INTO TICKET 
	(TICKET_SUBJECT, TICKET_COUNT, TICKET_PERIOD, TICKET_PRICE)
	VALUES('PILATES', 8, 30, '160,000');
INSERT INTO TICKET 
	(TICKET_SUBJECT, TICKET_COUNT, TICKET_PERIOD, TICKET_PRICE)
	VALUES('PILATES', 16, 30, '320,000');
INSERT INTO TICKET 
	(TICKET_SUBJECT, TICKET_COUNT, TICKET_PERIOD, TICKET_PRICE)
	VALUES('PILATES', 24, 90, '432,000');
INSERT INTO TICKET 
	(TICKET_SUBJECT, TICKET_COUNT, TICKET_PERIOD, TICKET_PRICE)
	VALUES('PILATES', 32, 90, '576,000');
INSERT INTO TICKET 
	(TICKET_SUBJECT, TICKET_COUNT, TICKET_PERIOD, TICKET_PRICE)
	VALUES('PILATES', 40, 180, '640,000');
INSERT INTO TICKET 
	(TICKET_SUBJECT, TICKET_COUNT, TICKET_PERIOD, TICKET_PRICE)
	VALUES('PILATES', 48, 180, '768,000');
INSERT INTO TICKET 
	(TICKET_SUBJECT, TICKET_COUNT, TICKET_PERIOD, TICKET_PRICE)
	VALUES('SPINNING', 8, 30, '80,000');
INSERT INTO TICKET 
	(TICKET_SUBJECT, TICKET_COUNT, TICKET_PERIOD, TICKET_PRICE)
	VALUES('SPINNING', 16, 30, '160,000');
INSERT INTO TICKET 
	(TICKET_SUBJECT, TICKET_COUNT, TICKET_PERIOD, TICKET_PRICE)
	VALUES('SPINNING', 24, 90, '216,000');
INSERT INTO TICKET 
	(TICKET_SUBJECT, TICKET_COUNT, TICKET_PERIOD, TICKET_PRICE)
	VALUES('SPINNING', 32, 90, '288,000');
INSERT INTO TICKET 
	(TICKET_SUBJECT, TICKET_COUNT, TICKET_PERIOD, TICKET_PRICE)
	VALUES('SPINNING', 40, 180, '320,000');
INSERT INTO TICKET 
	(TICKET_SUBJECT, TICKET_COUNT, TICKET_PERIOD, TICKET_PRICE)
	VALUES('SPINNING', 48, 180, '384,000');


INSERT INTO PAYLIST
	(MEMBER_NO, TICKET_NO, PAYLIST_DATE)
    VALUES(1, 1, '22/06/02');
INSERT INTO PAYLIST 
	(MEMBER_NO, TICKET_NO, PAYLIST_DATE)
    VALUES(1, 7, '22/06/02');
INSERT INTO PAYLIST 
	(MEMBER_NO, TICKET_NO, PAYLIST_DATE)
    VALUES(2, 1, '22/06/03');
INSERT INTO PAYLIST 
	(MEMBER_NO, TICKET_NO, PAYLIST_DATE)
    VALUES(2, 7, '22/06/03');
INSERT INTO PAYLIST 
	(MEMBER_NO, TICKET_NO, PAYLIST_DATE)
    VALUES(1, 13, '22/06/03');
INSERT INTO PAYLIST 
	(MEMBER_NO, TICKET_NO, PAYLIST_DATE)
    VALUES(1, 19, '22/06/04');


INSERT INTO REMAIN_TICKET
	(MEMBER_ID, REMAIN_TICKET_SUBJECT, REMAIN_TICKET_END_DATE, REMAIN_TICKET_REMAIN_COUNT)
    VALUES('ID101', 'SWIM', '22/07/01', 8);
INSERT INTO REMAIN_TICKET 
	(MEMBER_ID, REMAIN_TICKET_SUBJECT, REMAIN_TICKET_END_DATE, REMAIN_TICKET_REMAIN_COUNT)
    VALUES('ID101', 'DANCE', '22/07/01', 8);
INSERT INTO REMAIN_TICKET 
	(MEMBER_ID, REMAIN_TICKET_SUBJECT, REMAIN_TICKET_END_DATE, REMAIN_TICKET_REMAIN_COUNT)
    VALUES('ID102', 'SWIM', '22/07/02', 8);
INSERT INTO REMAIN_TICKET 
	(MEMBER_ID, REMAIN_TICKET_SUBJECT, REMAIN_TICKET_END_DATE, REMAIN_TICKET_REMAIN_COUNT)
    VALUES('ID102', 'DANCE', '22/07/02', 8);
INSERT INTO REMAIN_TICKET 
	(MEMBER_ID, REMAIN_TICKET_SUBJECT, REMAIN_TICKET_END_DATE, REMAIN_TICKET_REMAIN_COUNT)
    VALUES('ID101', 'PILATES', '22/07/02', 8);
INSERT INTO REMAIN_TICKET 
	(MEMBER_ID, REMAIN_TICKET_SUBJECT, REMAIN_TICKET_END_DATE, REMAIN_TICKET_REMAIN_COUNT)
    VALUES('ID101', 'SPINNING', '22/07/03', 8);


INSERT INTO TEACHER
	(TEACHER_NAME, TEACHER_GENDER, TEACHER_SUBJECT)
    VALUES('장이수', 'F', 'SWIM');
INSERT INTO TEACHER
	(TEACHER_NAME, TEACHER_GENDER, TEACHER_SUBJECT)
    VALUES('마석도', 'M', 'DANCE');
INSERT INTO TEACHER 
	(TEACHER_NAME, TEACHER_GENDER, TEACHER_SUBJECT)
    VALUES('강해상', 'M', 'PILATES');
INSERT INTO TEACHER 
	(TEACHER_NAME, TEACHER_GENDER, TEACHER_SUBJECT)
    VALUES('장첸', 'M', 'SPINNING');
INSERT INTO TEACHER 
	(TEACHER_NAME, TEACHER_GENDER, TEACHER_SUBJECT)
    VALUES('전일만', 'F', 'SWIM');


INSERT INTO LOCATION
	(LOCATION_CODE, LOCATION_LIMIT)
    VALUES('SWIM01', 20);
INSERT INTO LOCATION 
	(LOCATION_CODE, LOCATION_LIMIT)
    VALUES('SWIM02', 20);
INSERT INTO LOCATION 
	(LOCATION_CODE, LOCATION_LIMIT)
    VALUES('DANCE01', 10);
INSERT INTO LOCATION 
	(LOCATION_CODE, LOCATION_LIMIT)
    VALUES('DANCE02', 12);
INSERT INTO LOCATION 
	(LOCATION_CODE, LOCATION_LIMIT)
    VALUES('PILATES01', 8);
INSERT INTO LOCATION 
	(LOCATION_CODE, LOCATION_LIMIT)
    VALUES('PILATES02', 10);
INSERT INTO LOCATION 
	(LOCATION_CODE, LOCATION_LIMIT)
    VALUES('SPINNING01', 15);
INSERT INTO LOCATION 
	(LOCATION_CODE, LOCATION_LIMIT)
    VALUES('SPINNING02', 18);


INSERT INTO CLASS
	(CLASS_CODE, TEACHER_NO, LOCATION_CODE, CLASS_DATE, CLASS_TIME)
    VALUES('20220613_A_SWIM01', 1, 'SWIM01', '20220613', '09:00');
INSERT INTO CLASS 
	(CLASS_CODE, TEACHER_NO, LOCATION_CODE, CLASS_DATE, CLASS_TIME)
    VALUES('20220614_A_SWIM01', 1, 'SWIM01', '20220614', '09:00');
INSERT INTO CLASS 
	(CLASS_CODE, TEACHER_NO, LOCATION_CODE, CLASS_DATE, CLASS_TIME)
    VALUES('20220613_A_DANCE01', 2, 'DANCE01', '20220613', '09:00');
INSERT INTO CLASS 
	(CLASS_CODE, TEACHER_NO, LOCATION_CODE, CLASS_DATE, CLASS_TIME)
    VALUES('20220614_B_DANCE02', 2, 'DANCE02', '20220614', '10:00');
INSERT INTO CLASS 
	(CLASS_CODE, TEACHER_NO, LOCATION_CODE, CLASS_DATE, CLASS_TIME)
    VALUES('20220615_A_DANCE01', 2, 'DANCE01', '20220615', '09:00');
INSERT INTO CLASS 
	(CLASS_CODE, TEACHER_NO, LOCATION_CODE, CLASS_DATE, CLASS_TIME)
    VALUES('20220616_B_DANCE02', 2, 'DANCE02', '20220616', '10:00');
INSERT INTO CLASS 
	(CLASS_CODE, TEACHER_NO, LOCATION_CODE, CLASS_DATE, CLASS_TIME)
    VALUES('20220617_A_DANCE02', 2, 'DANCE02', '20220617', '09:00');
INSERT INTO CLASS 
	(CLASS_CODE, TEACHER_NO, LOCATION_CODE, CLASS_DATE, CLASS_TIME)
    VALUES('20220618_B_DANCE01', 2, 'DANCE01', '20220618', '10:00');
INSERT INTO CLASS 
	(CLASS_CODE, TEACHER_NO, LOCATION_CODE, CLASS_DATE, CLASS_TIME)
    VALUES('20220619_A_DANCE01', 2, 'DANCE01', '20220619', '09:00');
INSERT INTO CLASS 
	(CLASS_CODE, TEACHER_NO, LOCATION_CODE, CLASS_DATE, CLASS_TIME)
    VALUES('20220620_B_DANCE01', 2, 'DANCE01', '20220620', '10:00');
INSERT INTO CLASS 
	(CLASS_CODE, TEACHER_NO, LOCATION_CODE, CLASS_DATE, CLASS_TIME)
    VALUES('20220621_A_DANCE01', 2, 'DANCE01', '20220621', '09:00');
INSERT INTO CLASS 
	(CLASS_CODE, TEACHER_NO, LOCATION_CODE, CLASS_DATE, CLASS_TIME)
    VALUES('20220622_B_DANCE01', 2, 'DANCE01', '20220622', '10:00');


INSERT INTO RESERVATION
	(RESERVATION_CODE, MEMBER_NO, CLASS_CODE, RESERVATION_DATE, RESERVATION_STATE)
	VALUES('SWIM101', 1, '20220613_A_SWIM01', '22/06/09 11:44:43.578000000', 1);
INSERT INTO RESERVATION 
	(RESERVATION_CODE, MEMBER_NO, CLASS_CODE, RESERVATION_DATE, RESERVATION_STATE)
	VALUES('DANCE101', 1, '20220613_A_DANCE01', '22/06/10 11:50:00.900000000', 1);
INSERT INTO RESERVATION 
	(RESERVATION_CODE, MEMBER_NO, CLASS_CODE, RESERVATION_DATE, RESERVATION_STATE)
	VALUES('DANCE102', 1, '20220614_B_DANCE02', '22/06/11 11:50:00.900000000', 1);
INSERT INTO RESERVATION 
	(RESERVATION_CODE, MEMBER_NO, CLASS_CODE, RESERVATION_DATE, RESERVATION_STATE)
	VALUES('DANCE103', 1, '20220615_A_DANCE01', '22/06/12 11:50:00.900000000', 1);
INSERT INTO RESERVATION 
	(RESERVATION_CODE, MEMBER_NO, CLASS_CODE, RESERVATION_DATE, RESERVATION_STATE)
	VALUES('DANCE104', 1, '20220616_B_DANCE02', '22/06/13 11:50:00.900000000', 1);
INSERT INTO RESERVATION 
	(RESERVATION_CODE, MEMBER_NO, CLASS_CODE, RESERVATION_DATE, RESERVATION_STATE)
	VALUES('DANCE105', 1, '20220617_A_DANCE02', '22/06/14 11:50:00.900000000', 1);
INSERT INTO RESERVATION 
	(RESERVATION_CODE, MEMBER_NO, CLASS_CODE, RESERVATION_DATE, RESERVATION_STATE)
	VALUES('DANCE106', 1, '20220618_B_DANCE01', '22/06/15 11:50:00.900000000', 0);
INSERT INTO RESERVATION 
	(RESERVATION_CODE, MEMBER_NO, CLASS_CODE, RESERVATION_DATE, RESERVATION_STATE)
	VALUES('DANCE107', 1, '20220619_A_DANCE01', '22/06/16 11:50:00.900000000', 0);



INSERT INTO REVIEW
	(CLASS_CODE, REVIEW_SUBJECT, MEMBER_ID, REVIEW_TITLE, REVIEW_CONTENT, REVIEW_HIT, REVIEW_IP, REVIEW_CREATED, REVIEW_STATE, REVIEW_DEPTH, REVIEW_GROUP_NO, REVIEW_GROUP_ORD)
    VALUES('20220613_A_SWIM01', 'SWIM', 'ID101', '재밌는 수영수업', '너무 알차고 즐거웠어요', 0, '000.000.000.001', '22/06/14', 1, 0, 601, 0);
INSERT INTO REVIEW 
	(CLASS_CODE, REVIEW_SUBJECT, MEMBER_ID, REVIEW_TITLE, REVIEW_CONTENT, REVIEW_HIT, REVIEW_IP, REVIEW_CREATED, REVIEW_STATE, REVIEW_DEPTH, REVIEW_GROUP_NO, REVIEW_GROUP_ORD)
    VALUES(NULL, NULL, 'ID102', NULL, '저도 듣고싶네요~', NULL, '000.000.000.001', '22/06/14', 1, 1, 601, 1);
INSERT INTO REVIEW 
	(CLASS_CODE, REVIEW_SUBJECT, MEMBER_ID, REVIEW_TITLE, REVIEW_CONTENT, REVIEW_HIT, REVIEW_IP, REVIEW_CREATED, REVIEW_STATE, REVIEW_DEPTH, REVIEW_GROUP_NO, REVIEW_GROUP_ORD)
    VALUES(NULL, NULL, 'ID101', NULL, '꼭 들어보세요!', NULL, '000.000.000.001', '22/06/14', 1, 2, 601, 2);
INSERT INTO REVIEW 
	(CLASS_CODE, REVIEW_SUBJECT, MEMBER_ID, REVIEW_TITLE, REVIEW_CONTENT, REVIEW_HIT, REVIEW_IP, REVIEW_CREATED, REVIEW_STATE, REVIEW_DEPTH, REVIEW_GROUP_NO, REVIEW_GROUP_ORD)
    VALUES(NULL, NULL, 'ID101', NULL, '삭제할 대댓글', NULL, '000.000.000.001', '22/06/15', -1, 1, 601, 3);
INSERT INTO REVIEW 
	(CLASS_CODE, REVIEW_SUBJECT, MEMBER_ID, REVIEW_TITLE, REVIEW_CONTENT, REVIEW_HIT, REVIEW_IP, REVIEW_CREATED, REVIEW_STATE, REVIEW_DEPTH, REVIEW_GROUP_NO, REVIEW_GROUP_ORD)
    VALUES('20220613_A_DANCE01', 'DANCE', 'ID102', '즐거운 스포츠댄스', '정말 재밌습니다.', 0, '000.000.000.001', '22/06/15', 1, 0, 605, 0);


INSERT INTO QUESTION 
	(MEMBER_ID, QUESTION_TITLE, QUESTION_CONTENT, QUESTION_HIT, QUESTION_IP, QUESTION_CREATED)
    VALUES('ID101', '화장실', '화장실은 어디에 있나요?', 0, '000.000.000.001', '22/06/19');
INSERT INTO QUESTION
	(MEMBER_ID, QUESTION_TITLE, QUESTION_CONTENT, QUESTION_HIT, QUESTION_IP, QUESTION_CREATED)
    VALUES('ID102', '주소가 뭘까', '센터 주소를 알려주시오', 0,'000.000.000.001', '22/06/20');


INSERT INTO ANSWER
	(QUESTION_NO, ANSWER_CONTENT, ANSWER_CREATED) 
    VALUES(1, '화장실은 매점 옆에 있습니다.', '22/06/21');


INSERT INTO NOTICE
	(NOTICE_TITLE, NOTICE_CONTENT, NOTICE_IP, NOTICE_HIT, NOTICE_CREATED, NOTICE_MODIFIED)
    VALUES('공지1', '내용1', '000.000.000.001', 0, '22/06/20', '22/06/20');
INSERT INTO NOTICE 
	(NOTICE_TITLE, NOTICE_CONTENT, NOTICE_IP, NOTICE_HIT, NOTICE_CREATED, NOTICE_MODIFIED)
    VALUES('공지2', '내용2', '000.000.000.001', 0, '22/06/21', '22/06/21');
INSERT INTO NOTICE 
	(NOTICE_TITLE, NOTICE_CONTENT, NOTICE_IP, NOTICE_HIT, NOTICE_CREATED, NOTICE_MODIFIED)
    VALUES('공지3', '내용3', '000.000.000.001', 0, '22/06/22', '22/06/22');

